"Rooms","Racks","Reports","URL "
"ENVIRONMENT","Forests","The Scheduled Tribes and Other Traditional Forest Dwellers (Recognition of Forest Rights) Act, 2006","https://ruralindiaonline.org/resources/the-scheduled-tribes-and-other-traditional-forest-dwellers-recognition-of-forest-rights-act-2006/"
"ENVIRONMENT","Forests","India State of Forest Report 2017","https://ruralindiaonline.org/resources/india-state-of-forest-report-2017/"
"ENVIRONMENT","Forests","Report of the Western Ghats Ecology Expert Panel","https://ruralindiaonline.org/resources/report-of-the-western-ghats-ecology-expert-panel/"
"ENVIRONMENT","Forests","People’s Forests: Is Community Governance the Future of India’s Jungles?","https://ruralindiaonline.org/resources/peoples-forests-is-community-governance-the-future-of-indias-jungles/"
"ENVIRONMENT","Forests","Policy Report No. 17: Narratives of Dalit Inclusion and Exclusion in Formulating and Implementing the Forest Rights Act, 2006","https://ruralindiaonline.org/resources/policy-report-no-17-narratives-of-dalit-inclusion-and-exclusion-in-formulating-and-implementing-the-forest-rights-act-2006/"
"ENVIRONMENT","Land","The Right to Fair Compensation and Transparency in Land Acquisition, Rehabilitation and Resettlement Act, 2013","https://ruralindiaonline.org/resources/the-right-to-fair-compensation-and-transparency-in-land-acquisition-rehabilitation-and-resettlement-act-2013/"
"ENVIRONMENT","Land","People’s Forests: Is Community Governance the Future of India’s Jungles?","https://ruralindiaonline.org/resources/peoples-forests-is-community-governance-the-future-of-indias-jungles/"
"ENVIRONMENT","Land","Report of the Western Ghats Ecology Expert Panel","https://ruralindiaonline.org/resources/report-of-the-western-ghats-ecology-expert-panel/"
"ENVIRONMENT","Water","Water in India: Situation and Prospects","https://ruralindiaonline.org/resources/water-in-india-situation-and-prospects/"
"ENVIRONMENT","Food","The Unnatural Coupling: Food and Global Finance ","https://ruralindiaonline.org/resources/the-unnatural-coupling-food-and-global-finance-jayati-ghosh/"
"ENVIRONMENT","Food","Famine Over Bengal","https://ruralindiaonline.org/resources/famine-over-bengal-1/"
"ENVIRONMENT","Food","The National Food Security Act, 2013","https://ruralindiaonline.org/resources/the-national-food-security-act-2013/"
"ENVIRONMENT","Food","Community Assessment of Entitlement Programmes: A Study on the Implementation of Five Central Government Sponsored Schemes in Six Districts of Northern India","https://ruralindiaonline.org/resources/community-assessment-of-entitlement-programmes-a-study-on-the-implementation-of-five-central-government-sponsored-schemes-in-six-districts-of-northern-india/"
"ENVIRONMENT","Food","Report on the State of Food Insecurity in Rural India","https://ruralindiaonline.org/resources/report-on-the-state-of-food-insecurity-in-rural-india/"
"ENVIRONMENT","General","EnviStats – India 2018","https://ruralindiaonline.org/resources/envistats---india-2018/"
"CLIMATE CHANGE",,"National Action Plan on Climate Change","https://ruralindiaonline.org/resources/national-action-plan-on-climate-change/"
"CLIMATE CHANGE",,"Coping with Climate Change: An Analysis of India’s National Action Plan on Climate Change; Volume I","https://ruralindiaonline.org/resources/coping-with-climate-change-an-analysis-of-indias-national-action-plan-on-climate-change-volume-i/"
"CLIMATE CHANGE",,"Coping With Climate Change: An Analysis of India’s State Action Plans on Climate Change; Volume II","https://ruralindiaonline.org/resources/coping-with-climate-change-an-analysis-of-indias-state-action-plans-on-climate-change-volume-ii/"
"CLIMATE CHANGE",,"Report of the Western Ghats Ecology Expert Panel","https://ruralindiaonline.org/resources/report-of-the-western-ghats-ecology-expert-panel/"
"CLIMATE CHANGE",,"All-India Area Weighted Monthly, Seasonal and Annual Rainfall: 1901-2014","https://ruralindiaonline.org/resources/all-india-area-weighted-monthly-seasonal-and-annual-rainfall-1901-2014/"
"CLIMATE CHANGE",,"Meteorological Subdivision-wise Annual Rainfall: 2002-2011","https://ruralindiaonline.org/resources/meteorological-subdivision-wise-annual-rainfall-2002-2011/"
"CLIMATE CHANGE",,"Recent Trends in Melting Glaciers, Tropospheric Temperatures over the Himalayas and Summer Monsoon Rainfall over India","https://ruralindiaonline.org/resources/recent-trends-in-melting-glaciers-tropospheric-temperatures-over-the-himalayas-and-summer-monsoon-rainfall-over-india/ "
"HEALTH","National Family Health Survey","National Family Health Survey (NFHS-4) 2015-16: Uttar Pradesh","https://ruralindiaonline.org/resources/national-family-health-survey-nfhs-4-2015-16-uttar-pradesh/"
"HEALTH","National Family Health Survey","National Family Health Survey (NFHS-4) 2015-16: Kerala","https://ruralindiaonline.org/resources/national-family-health-survey-nfhs-4-2015-16-kerala/"
"HEALTH","National Family Health Survey","National Family Health Survey (NFHS-4) 2015-16: Maharashtra ","https://ruralindiaonline.org/resources/national-family-health-survey-nfhs-4-2015-16-maharashtra/"
"HEALTH","National Family Health Survey","National Family Health Survey (NFHS-4) 2015-16: Himachal Pradesh","https://ruralindiaonline.org/resources/national-family-health-survey-nfhs-4-2015-16-himachal-pradesh/"
"HEALTH","National Family Health Survey","National Family Health Survey (NFHS-4) 2015-16: Karnataka","https://ruralindiaonline.org/resources/national-family-health-survey-nfhs-4-2015-16-karnataka/"
"HEALTH","National Family Health Survey","National Family Health Survey (NFHS-4) 2015-16: Punjab","https://ruralindiaonline.org/resources/national-family-health-survey-nfhs-4-2015-16-punjab/"
"HEALTH","National Family Health Survey","National Family Health Survey (NFHS-4) 2015-16: Gujarat","https://ruralindiaonline.org/resources/national-family-health-survey-nfhs-4-2015-16-gujarat/"
"HEALTH","National Family Health Survey","National Family Health Survey (NFHS-4) 2015-16: Tamil Nadu","https://ruralindiaonline.org/resources/national-family-health-survey-nfhs-4-2015-16-tamil-nadu/"
"HEALTH","National Family Health Survey","National Family Health Survey (NFHS-4) 2015-16: Bihar","https://ruralindiaonline.org/resources/national-family-health-survey-nfhs-4-2015-16-bihar/"
"HEALTH","National Family Health Survey","National Family Health Survey (NFHS-4), India, 2015-16: Odisha ","https://ruralindiaonline.org/resources/national-family-health-survey-nfhs-4-india-2015-16-odisha/"
"HEALTH","National Family Health Survey","National Family Health Survey (NFHS-4) 2015-16: Rajasthan","https://ruralindiaonline.org/resources/national-family-health-survey-nfhs-4-2015-16-rajasthan/"
"HEALTH","National Family Health Survey","National Family Health Survey (NFHS-4) 2015-16: Andhra Pradesh","https://ruralindiaonline.org/resources/national-family-health-survey-nfhs-4-2015-16-andhra-pradesh/"
"HEALTH","National Family Health Survey","National Family Health Survey (NFHS-4) 2015-16: Telangana","https://ruralindiaonline.org/resources/national-family-health-survey-nfhs-4-2015-16-telangana/"
"HEALTH","National Family Health Survey","National Family Health Survey (NFHS-4) 2015-16: Haryana","https://ruralindiaonline.org/resources/national-family-health-survey-nfhs-4-2015-16-haryana/"
"HEALTH","National Family Health Survey","National Family Health Survey (NFHS-4) 2015-16: Chhattisgarh","https://ruralindiaonline.org/resources/national-family-health-survey-nfhs-4-2015-16-chhattisgarh/"
"HEALTH","National Family Health Survey","National Family Health Survey (NFHS-4) 2015-16: Jharkhand ","https://ruralindiaonline.org/resources/national-family-health-survey-nfhs-4-2015-16-jharkhand/"
"HEALTH","National Family Health Survey","National Family Health Survey (NFHS-4) 2015-16: West Bengal","https://ruralindiaonline.org/resources/national-family-health-survey-nfhs-4-2015-16-west-bengal/"
"HEALTH","National Family Health Survey","National Family Health Survey (NFHS-4) 2015-16: Uttarakhand","https://ruralindiaonline.org/resources/national-family-health-survey-nfhs-4-2015-16-uttarakhand/"
"HEALTH","National Family Health Survey","National Family Health Survey (NFHS-4) 2015-2016: Assam","https://ruralindiaonline.org/resources/national-family-health-survey-nfhs-4-2015-2016-assam/"
"HEALTH","National Family Health Survey","National Family Health Survey (NFHS-4) 2015-16: Goa","https://ruralindiaonline.org/resources/national-family-health-survey-nfhs-4-2015-16-goa/"
"HEALTH","National Family Health Survey","National Family Health Survey (NFHS-4) 2015-16: Jammu and Kashmir","https://ruralindiaonline.org/resources/national-family-health-survey-nfhs-4-2015-16-jammu-and-kashmir/"
"HEALTH","National Family Health Survey","National Family Health Survey (NFHS-4) 2015-16: Sikkim ","https://ruralindiaonline.org/resources/national-family-health-survey-nfhs-4-2015-16-sikkim/"
"HEALTH","National Family Health Survey","National Family Health Survey (NFHS-4) 2015-16: Meghalaya","https://ruralindiaonline.org/resources/national-family-health-survey-nfhs-4-2015-16-meghalaya/"
"HEALTH","National Family Health Survey","National Family Health Survey (NFHS-4) 2015-16: Tripura","https://ruralindiaonline.org/resources/national-family-health-survey-nfhs-4-2015-16-tripura/"
"HEALTH","National Family Health Survey","National Family Health Survey (NFHS-4) 2015-16: Mizoram ","https://ruralindiaonline.org/resources/national-family-health-survey-nfhs-5-2015-16-mizoram/"
"HEALTH","National Family Health Survey","National Family Health Survey (NFHS-4) 2015-16: Nagaland ","https://ruralindiaonline.org/resources/national-family-health-survey-nfhs-4-2015-16-nagaland/"
"HEALTH","National Family Health Survey","National Family Health Survey (NFHS-4) 2015-16: Arunachal Pradesh ","https://ruralindiaonline.org/resources/national-family-health-survey-nfhs-4-2015-16-arunachal-pradesh/"
"HEALTH","National Family Health Survey","National Family Health Survey (NFHS-4) 2015-16: India","https://ruralindiaonline.org/resources/national-family-health-survey-nfhs-4-2015-16-india/"
"HEALTH","National Family Health Survey","National Family Health Survey (NFHS-4) 2015-16: Madhya Pradesh","https://ruralindiaonline.org/resources/national-family-health-survey-nfhs-4-2015-16-madhya-pradesh/ "
"HEALTH","National Family Health Survey","National Family Health Survey (NFHS-4) 2015-16: Manipur","https://ruralindiaonline.org/resources/national-family-health-survey-nfhs-4-2015-16-manipur/"
"HEALTH","Adivasis","Report of the High-level Committee on Socio-Economic, Health and Educational Status of the Tribals of India","https://ruralindiaonline.org/resources/report-of-the-high-level-committee-on-socio-economic-health-and-educational-status-of-the-tribals-of-india/"
"HEALTH","Adivasis","Chronicles from Central India: An Atlas of Rural Health","https://ruralindiaonline.org/resources/chronicles-from-central-india-an-atlas-of-rural-health/"
"HEALTH","Economics","Report of the National Commission on Macroeconomics and Health","https://ruralindiaonline.org/resources/report-of-the-national-commission-on-macroeconomics-and-health/"
"HEALTH","Economics","National Health Accounts 2004-05","https://ruralindiaonline.org/resources/national-health-accounts-2004-05/"
"HEALTH","Public Health","Report of the Health Survey and Development Committee: Vol. I","https://ruralindiaonline.org/resources/report-of-the-health-survey-and-development-committee-vol-i/"
"HEALTH","Public Health","Report of the Health Survey and Development Committee: Vol. II ","https://ruralindiaonline.org/resources/report-of-the-health-survey-and-development-committee-vol-ii/"
"HEALTH","Public Health","Report of the Health Survey and Development Committee: Vol. III ","https://ruralindiaonline.org/resources/report-of-the-health-survey-and-development-committee-vol-iii/"
"HEALTH","Public Health","Report of the Health Survey and Development Committee: Vol. IV – Summary ","https://ruralindiaonline.org/resources/report-of-the-health-survey-and-development-committee-vol-iv---summary/"
"HEALTH","General","Annual Report to the People on Health","https://ruralindiaonline.org/resources/annual-report-to-the-people-on-health/"
"HEALTH","General","Political Culture of Health in India: A Historical Perspective","https://ruralindiaonline.org/resources/political-culture-of-health-in-india-a-historical-perspective/"
"HEALTH","General","Healthy States, Progressive India: Report on the Ranks of States and Union Territories","https://ruralindiaonline.org/resources/healthy-states-progressive-india-report-on-the-ranks-of-states-and-union-territories/"
"HEALTH","Medicine","Medicine, Power and Social Legitimacy: A Socio-Historical Appraisal of Health Systems in Contemporary India","https://ruralindiaonline.org/resources/medicine-power-and-social-legitimacy-a-socio-historical-appraisal-of-health-systems-in-contemporary-india/"
"HEALTH","Medicine","Systems of medicine and nationalist discourse in India: Towards ‘new horizons’ in medical anthropology and history","https://ruralindiaonline.org/resources/systems-of-medicine-and-nationalist-discourse-in-india-towards-new-horizons-in-medical-anthropology-and-history/"
"HEALTH","National Sample Survey","Select Health Parameters: A Comparative Analysis across the National Sample Survey Organization (NSSO) 42nd, 52nd and 60th Rounds","https://ruralindiaonline.org/resources/select-health-parameters-a-comparative-analysis-across-the-national-sample-survey-organization-nsso-42nd-52nd-and-60th-rounds/"
"HEALTH","National Sample Survey","Health in India: NSS 71st Round (January-June 2014)","https://ruralindiaonline.org/resources/health-in-india-nss-71st-round-january-june-2014/"
"HEALTH","Nutrition","2018 Global Nutrition Report: Shining a light to spur action on nutrition","https://ruralindiaonline.org/resources/2018-global-nutrition-report-shining-a-light-to-spur-action-on-nutrition/ "
"AGRICULTURE","Women","The Women Farmers' Entitlements Bill, 2011","https://ruralindiaonline.org/resources/the-women-farmers-entitlements-bill-2011/"
"AGRICULTURE","Women","Gender Responsive Budgeting: A Focus on Agriculture Sector","https://ruralindiaonline.org/resources/gender-responsive-budgeting-a-focus-on-agriculture-sector/"
"AGRICULTURE","Women","The Farmers’ Right to Guaranteed Remunerative Minimum Support Prices for Agricultural Commodities Bill, 2018","https://ruralindiaonline.org/resources/the-farmers-right-to-guaranteed-remunerative-minimum-support-prices-for-agricultural-commodities-bill-2018/"
"AGRICULTURE","Census","All India Report on Agriculture Census 2010-11","https://ruralindiaonline.org/resources/all-india-report-on-agriculture-census-2010-11/"
"AGRICULTURE","National Commission on Farmers","Serving Farmers and Saving Farming: First Report","https://ruralindiaonline.org/resources/serving-farmers-and-saving-farming-first-report/"
"AGRICULTURE","National Commission on Farmers","Serving Farmers and Saving Farming: From Crisis to Confidence – Second Report ","https://ruralindiaonline.org/resources/serving-farmers-and-saving-farming-from-crisis-to-confidence---second-report/"
"AGRICULTURE","National Commission on Farmers","Serving Farmers and Saving Farming; 2006: Year of Agricultural Renewal – Third Report","https://ruralindiaonline.org/resources/serving-farmers-and-saving-farming-2006-year-of-agricultural-renewal---third-report/"
"AGRICULTURE","National Commission on Farmers","Serving Farmers and Saving Farming; Jai Kisan: A Draft National Policy for Farmers – Fourth Report ","https://ruralindiaonline.org/resources/serving-farmers-and-saving-farming-jai-kisan-a-draft-national-policy-for-farmers---fourth-report/"
"AGRICULTURE","National Commission on Farmers","Serving Farmers and Saving Farming; Towards Faster and More Inclusive Growth of Farmers’ Welfare – Fifth & Final Report, Volume I ","https://ruralindiaonline.org/resources/serving-farmers-and-saving-farming-fifth-final-report-4-october-2006---towards-faster-and-more-inclusive-growth-of-farmers-welfare/"
"AGRICULTURE","National Commission on Farmers","Serving Farmers and Saving Farming: Towards Faster and More Inclusive Growth of Farmers’ Welfare – Fifth Report, Volume II","https://ruralindiaonline.org/resources/serving-farmers-and-saving-farming-towards-faster-and-more-inclusive-growth-of-farmers-welfare---fifth-report-volume-ii/"
"AGRICULTURE","National Commission on Farmers","Serving Farmers and Saving Farming; Jai Kisan: Revised Draft National Policy for Farmers","https://ruralindiaonline.org/resources/serving-farmers-and-saving-farming-jai-kisan-revised-draft-national-policy-for-farmers/"
"AGRICULTURE","Farmers' movements","The Kisan Long March in Maharashtra","https://ruralindiaonline.org/resources/the-kisan-long-march-in-maharashtra/"
"AGRICULTURE","Marginal farmers","A Special Programme for Marginal and Small Farmers","https://ruralindiaonline.org/resources/a-special-programme-for-marginal-and-small-farmers/"
"AGRICULTURE","Marginal farmers","Pathetic Condition of the Sharecroppers: A Micro-Analysis","https://ruralindiaonline.org/resources/pathetic-condition-of-the-sharecroppers-a-micro-analysis/"
"AGRICULTURE","Farmers' suicides","Farmers’ Suicides in India: Magnitudes, Trends, and Spatial Patterns, 1997–2012","https://ruralindiaonline.org/resources/farmers-suicides-in-india-magnitudes-trends-and-spatial-patterns-1997-2012/"
"AGRICULTURE","Seeds and crops","Price Policy for Kharif Crops: The Marketing Season 2017-18","https://ruralindiaonline.org/resources/price-policy-for-kharif-crops-the-marketing-season-2017-18/"
"AGRICULTURE","Seeds and crops","Price Policy for Rabi Crops: The Marketing Season 2017-18","https://ruralindiaonline.org/resources/price-policy-for-rabi-crops-the-marketing-season-2017-18/ "
"AGRICULTURE","Seeds and crops","Politics of Seeds: Common Resource or a Private Property","https://ruralindiaonline.org/resources/politics-of-seeds-common-resource-or-a-private-property/"
"AGRICULTURE","Seeds and crops","The Unnatural Coupling: Food and Global Finance - Jayati Ghosh","https://ruralindiaonline.org/resources/the-unnatural-coupling-food-and-global-finance-jayati-ghosh/"
"AGRICULTURE","Laws","The Farmers’ Right to Guaranteed Remunerative Minimum Support Prices for Agricultural Commodities Bill, 2018","https://ruralindiaonline.org/resources/the-farmers-right-to-guaranteed-remunerative-minimum-support-prices-for-agricultural-commodities-bill-2018/"
"AGRICULTURE","Laws","The Farmers’ Freedom from Indebtedness Bill, 2018","https://ruralindiaonline.org/resources/the-farmers-freedom-from-indebtedness-bill-2018/"
"AGRICULTURE","Laws","The Women Farmers' Entitlements Bill, 2011","https://ruralindiaonline.org/resources/the-women-farmers-entitlements-bill-2011/"
"AGRICULTURE","Food","The Unnatural Coupling: Food and Global Finance","https://ruralindiaonline.org/resources/the-unnatural-coupling-food-and-global-finance-jayati-ghosh/"
"AGRICULTURE","Food","Famine Over Bengal","https://ruralindiaonline.org/resources/famine-over-bengal-1/"
"AGRICULTURE","Food","The National Food Security Act, 2013","https://ruralindiaonline.org/resources/the-national-food-security-act-2013/"
"AGRICULTURE","Food","Community Assessment of Entitlement Programmes: A Study on the Implementation of Five Central Government Sponsored Schemes in Six Districts of Northern India","https://ruralindiaonline.org/resources/community-assessment-of-entitlement-programmes-a-study-on-the-implementation-of-five-central-government-sponsored-schemes-in-six-districts-of-northern-india/"
"AGRICULTURE","Food","Report on the State of Food Insecurity in Rural India","https://ruralindiaonline.org/resources/report-on-the-state-of-food-insecurity-in-rural-india/"
"AGRICULTURE","Food","Famine Over Bengal ","https://ruralindiaonline.org/resources/famine-over-bengal-1/"
"LABOUR","Unorganised sector","Report on Conditions of Work and Promotion of Livelihoods in the Unorganised Sector","https://ruralindiaonline.org/resources/report-on-conditions-of-work-and-promotion-of-livelihoods-in-the-unorganised-sector/"
"LABOUR","Unorganised sector","Joblessness and Informalization: Challenges to Inclusive Growth in India","https://ruralindiaonline.org/resources/joblessness-and-informalization-challenges-to-inclusive-growth-in-india/"
"LABOUR","Unorganised sector","Growth Pole Programme for Unorganised Sector Enterprise Development","https://ruralindiaonline.org/resources/growth-pole-programme-for-unorganised-sector-enterprise-development/"
"LABOUR","Unorganised sector","The Challenge of Employment in India - An Informal Economy Perspective","https://ruralindiaonline.org/resources/the-challenge-of-employment-in-india-an-informal-economy-perspective/"
"LABOUR","Unorganised sector","Contribution of the Unorganised Sector to GDP","https://ruralindiaonline.org/resources/contribution-of-the-unorganised-sector-to-gdp/"
"LABOUR","Unorganised sector","Reports on Financing of Enterprises in the Unorganised Sector & Creation of a National Fund for the Unorganised Sector (NAFUS)","https://ruralindiaonline.org/resources/reports-on-financing-of-enterprises-in-the-unorganised-sector-creation-of-a-national-fund-for-the-unorganised-sector-nafus/"
"LABOUR","Unorganised sector","A Special Programme for Marginal and Small Farmers","https://ruralindiaonline.org/resources/a-special-programme-for-marginal-and-small-farmers/"
"LABOUR","Unorganised sector","A Report on Technology Upgradation for Enterprises in the Unorganised Sector: Status, Constraints & Recommendations","https://ruralindiaonline.org/resources/a-report-on-technology-upgradation-for-enterprises-in-the-unorganised-sector-status-constraints-recommendations/"
"LABOUR","Unorganised sector","Report on Comprehensive Legislation for Minimum Conditions of Work and Social Security for Unorganised Workers","https://ruralindiaonline.org/resources/report-on-comprehensive-legislation-for-minimum-conditions-of-work-and-social-security-for-unorganised-workers/"
"LABOUR","Unorganised sector","National Policy on Urban Street Vendors: Report & Recommendations","https://ruralindiaonline.org/resources/national-policy-on-urban-street-vendors-report-recommendations/"
"LABOUR","Unorganised sector","The Global Economic Crisis and the Informal Economy in India","https://ruralindiaonline.org/resources/the-global-economic-crisis-and-the-informal-economy-in-india/"
"LABOUR","Unorganised sector","Social Security for Unorganised Workers: Report","https://ruralindiaonline.org/resources/social-security-for-unorganised-workers-report/"
"LABOUR","Unorganised sector","Report of the Committee on Unorganised Sector Statistics","https://ruralindiaonline.org/resources/report-of-the-committee-on-unorganised-sector-statistics/"
"LABOUR","Unorganised sector","Skill Formation and Employment Assurance in the Unorganised Sector","https://ruralindiaonline.org/resources/skill-formation-and-employment-assurance-in-the-unroganised-sector/"
"LABOUR","Unorganised sector","Working Paper No-1: Measures of Labour Force Participation and Utilization","https://ruralindiaonline.org/resources/working-paper-no-1-measures-of-labour-force-participation-and-utilization/"
"LABOUR","Unorganised sector","Report on Definitional and Statistical Issues Relating to Informal Economy","https://ruralindiaonline.org/resources/report-on-definitional-and-statistical-issues-relating-to-informal-economy/"
"LABOUR","Employment","Joblessness and Informalization: Challenges to Inclusive Growth in India","https://ruralindiaonline.org/resources/joblessness-and-informalization-challenges-to-inclusive-growth-in-india/"
"LABOUR","Employment","World Employment and Social Outlook: Trends 2018 ","https://ruralindiaonline.org/resources/world-employment-and-social-outlook-trends-2018/"
"LABOUR","Employment","Reward Work, Not Wealth","https://ruralindiaonline.org/resources/reward-work-not-wealth/"
"LABOUR","Employment","India Wage Report 2018: Wage policies for decent work and inclusive growth","https://ruralindiaonline.org/resources/india-wage-report-2018-wage-policies-for-decent-work-and-inclusive-growth/"
"LABOUR","Employment","State of Working India 2019","https://ruralindiaonline.org/resources/state-of-working-india-2019/"
"LABOUR","MGNREGA","The Mahatma Gandhi National Rural Employment Guarantee Act, 2005","https://ruralindiaonline.org/resources/the-mahatma-gandhi-national-rural-employment-guarantee-act-2005/"
"DALITS","General","Poverty and Social Exclusion in India","https://ruralindiaonline.org/resources/poverty-and-social-exclusion-in-india/"
"DALITS","General","Caste, Urban Spaces and the State: Dalits in Telangana","https://ruralindiaonline.org/resources/caste-urban-spaces-and-the-state-dalits-in-telangana/"
"DALITS","General","People at the Margins: Whose Budget? Whose Rights? – Towards Inclusive Budgeting for Dalit Women","https://ruralindiaonline.org/resources/people-at-the-margins-whose-budget-whose-rights---towards-inclusive-budgeting-for-dalit-women/"
"DALITS","Laws","The Prohibition of Employment as Manual Scavengers and their Rehabilitation Act, 2013","https://ruralindiaonline.org/resources/the-prohibition-of-employment-as-manual-scavengers-and-their-rehabilitation-act-2013/"
"DALITS","Laws","Policy Report No. 17: Narratives of Dalit Inclusion and Exclusion in Formulating and Implementing the Forest Rights Act, 2006","https://ruralindiaonline.org/resources/policy-report-no-17-narratives-of-dalit-inclusion-and-exclusion-in-formulating-and-implementing-the-forest-rights-act-2006/"
"DALITS","Laws","The Scheduled Castes and Scheduled Tribes (Prevention of Atrocities) Act, 1989","https://ruralindiaonline.org/resources/the-scheduled-castes-and-scheduled-tribes-prevention-of-atrocities-act-1989/"
"ECONOMICS",,"Economic Survey 2017-18: Volume I","https://ruralindiaonline.org/resources/economic-survey-2017-18-volume-i/"
"ECONOMICS",,"Economic Survey 2017-18: Volume II","https://ruralindiaonline.org/resources/economic-survey-2017-18-volume-ii/"
"ECONOMICS",,"Contribution of the Unorganised Sector to GDP","https://ruralindiaonline.org/resources/contribution-of-the-unorganised-sector-to-gdp/"
"ECONOMICS",,"The Global Economic Crisis and the Informal Economy in India","https://ruralindiaonline.org/resources/the-global-economic-crisis-and-the-informal-economy-in-india/"
"ECONOMICS",,"Economic Survey 2017-18: Statistical Appendix","https://ruralindiaonline.org/resources/economic-survey-2017-18-statistical-appendix/"
"ECONOMICS",,"Public good or private wealth?","https://ruralindiaonline.org/resources/public-good-or-private-wealth/"
"ECONOMICS",,"Rubbles of an Economic Earthquake: Analysis of Banking & Finance Sector Under Modi Government","https://ruralindiaonline.org/resources/rubbles-of-an-economic-earthquake-analysis-of-banking-finance-sector-under-modi-government/"
"ADIVASIS","Mining","Alchemy of Inequity - Resistance and Repression in India's Mines","https://ruralindiaonline.org/resources/alchemy-of-inequity-resistance-and-repression-in-indias-mines/"
"ADIVASIS","Mining","Caterpillar and the Mahua Flower: Tremors in India's Mining Fields","https://ruralindiaonline.org/resources/caterpillar-and-the-mahua-flower-tremors-in-indias-mining-fields/"
"ADIVASIS","Health","Chronicles from Central India: An Atlas of Rural Health","https://ruralindiaonline.org/resources/chronicles-from-central-india-an-atlas-of-rural-health/"
"ADIVASIS","General","Report of the High-level Committee on Socio-Economic, Health and Educational Status of the Tribals of India","https://ruralindiaonline.org/resources/report-of-the-high-level-committee-on-socio-economic-health-and-educational-status-of-the-tribals-of-india/"
"ADIVASIS","General","Scheduled Tribes in India: As revealed in Census 2011","https://ruralindiaonline.org/resources/scheduled-tribes-in-india-as-revealed-in-census-2011/"
"ADIVASIS","General","Poverty and Social Exclusion in India","https://ruralindiaonline.org/resources/poverty-and-social-exclusion-in-india/"
"ADIVASIS","General","Statistical Profile of Scheduled Tribes in India 2013","https://ruralindiaonline.org/resources/statistical-profile-of-scheduled-tribes-in-india-2013/"
"ADIVASIS","General","People’s Forests: Is Community Governance the Future of India’s Jungles?","https://ruralindiaonline.org/resources/peoples-forests-is-community-governance-the-future-of-indias-jungles/"
"ADIVASIS","Laws","The Scheduled Tribes and Other Traditional Forest Dwellers (Recognition of Forest Rights) Act, 2006","https://ruralindiaonline.org/resources/the-scheduled-tribes-and-other-traditional-forest-dwellers-recognition-of-forest-rights-act-2006/"
"ADIVASIS","Laws","The Scheduled Castes and Scheduled Tribes (Prevention of Atrocities) Act, 1989","https://ruralindiaonline.org/resources/the-scheduled-castes-and-scheduled-tribes-prevention-of-atrocities-act-1989/"
"ADIVASIS","Denotified tribes","Socio-Economic Status and Educational Attainment and Challenges of Denotified, Nomadic and Semi-Nomadic Tribes","https://ruralindiaonline.org/resources/socio-economic-status-and-educational-attainment-and-challenges-of-denotified-nomadic-and-semi-nomadic-tribes/"
"ADIVASIS","Nomadic and Semi-Nomadic tribes","Socio-Economic Status and Educational Attainment and Challenges of Denotified, Nomadic and Semi-Nomadic Tribes","https://ruralindiaonline.org/resources/socio-economic-status-and-educational-attainment-and-challenges-of-denotified-nomadic-and-semi-nomadic-tribes/"
"ADIVASIS","Nomadic and Semi-Nomadic tribes","National Commission for Denotified, Nomadic and Semi-Nomadic Tribes: Report – Volume I","https://ruralindiaonline.org/resources/national-commission-for-denotified-nomadic-and-semi-nomadic-tribes-report---volume-i/ "
"EDUCATION","Adivasis","Report of the High-level Committee on Socio-Economic, Health and Educational Status of the Tribals of India","https://ruralindiaonline.org/resources/report-of-the-high-level-committee-on-socio-economic-health-and-educational-status-of-the-tribals-of-india/"
"EDUCATION","General","Annual Status of Education Report of 2017 (Rural): Beyond Basics","https://ruralindiaonline.org/resources/annual-status-of-education-report-of-2017-rural-beyond-basics/"
"EDUCATION","General","Annual Status of Education Report (Rural) 2018","https://ruralindiaonline.org/resources/annual-status-of-education-report-rural-2018/"
"GENDER",,"Gender and Migration: Negotiating Rights - A Women’s Movement Perspective","https://ruralindiaonline.org/resources/gender-and-migration-key-findings-by-centre-for-womens-development-studies/"
"GENDER",,"Turning Promises into Action: Gender Equality in the 2030 Agenda for Sustainable Development","https://ruralindiaonline.org/resources/turning-promises-into-action-gender-equality-in-the-2030-agenda-for-sustainable-development/"
"GENDER",,"Poverty and Social Exclusion in India","https://ruralindiaonline.org/resources/poverty-and-social-exclusion-in-india/"
"GENDER",,"The Women Farmers' Entitlements Bill, 2011","https://ruralindiaonline.org/resources/the-women-farmers-entitlements-bill-2011/"
"GENDER",,"The Sexual Harassment of Women at Workplace (Prevention, Prohibition, and Redressal) Act, 2013","https://ruralindiaonline.org/resources/the-sexual-harassment-of-women-at-workplace-prevention-prohibition-and-redressal-act-2013/"
"GENDER",,"The Farmers’ Right to Guaranteed Remunerative Minimum Support Prices for Agricultural Commodities Bill, 2018","https://ruralindiaonline.org/resources/the-farmers-right-to-guaranteed-remunerative-minimum-support-prices-for-agricultural-commodities-bill-2018/"
"GENDER",,"Gender Responsive Budgeting: A Focus on Agriculture Sector","https://ruralindiaonline.org/resources/gender-responsive-budgeting-a-focus-on-agriculture-sector/"
"GENDER",,"People at the Margins: Whose Budget? Whose Rights? – Towards Inclusive Budgeting for Dalit Women","https://ruralindiaonline.org/resources/people-at-the-margins-whose-budget-whose-rights---towards-inclusive-budgeting-for-dalit-women/"
"GENDER",,"People at the Margins: Whose Budgets? Whose Rights? The Transgender Question in India: Policy and Budgetary Priorities","https://ruralindiaonline.org/resources/people-at-the-margins-whose-budgets-whose-rights-the-transgender-question-in-india-policy-and-budgetary-priorities/"
"GENDER",,"Women in Prisons: India","https://ruralindiaonline.org/resources/women-in-prisons-india/"
"RESOURCE CONFLICTS","Electricity","Background on Enron's Dabhol Power Project","https://ruralindiaonline.org/resources/background-on-enrons-dabhol-power-project/"
"RESOURCE CONFLICTS","Sanitation","Changes in Open Defecation in Rural North India: 2014-18","https://ruralindiaonline.org/resources/changes-in-open-defecation-in-rural-north-india-2014-18/"
"RESOURCE CONFLICTS","Water","Water in India: Situation and Prospects","https://ruralindiaonline.org/resources/water-in-india-situation-and-prospects/"
"RESOURCE CONFLICTS","Land","The Right to Fair Compensation and Transparency in Land Acquisition, Rehabilitation and Resettlement Act, 2013","https://ruralindiaonline.org/resources/the-right-to-fair-compensation-and-transparency-in-land-acquisition-rehabilitation-and-resettlement-act-2013/"
"RESOURCE CONFLICTS",,"Rubbles of an Economic Earthquake: Analysis of Banking & Finance Sector Under Modi Government","https://ruralindiaonline.org/resources/rubbles-of-an-economic-earthquake-analysis-of-banking-finance-sector-under-modi-government/"
"INEQUALITY",,"World Inequality Report 2018","https://ruralindiaonline.org/resources/world-inequality-report-2018/"
"INEQUALITY",,"Reward Work, Not Wealth","https://ruralindiaonline.org/resources/reward-work-not-wealth/"
"INEQUALITY",,"India Wage Report 2018: Wage policies for decent work and inclusive growth","https://ruralindiaonline.org/resources/india-wage-report-2018-wage-policies-for-decent-work-and-inclusive-growth/"
"INEQUALITY",,"Poverty and Social Exclusion in India","https://ruralindiaonline.org/resources/poverty-and-social-exclusion-in-india/"
"INEQUALITY",,"Public good or private wealth?","https://ruralindiaonline.org/resources/public-good-or-private-wealth/"
"INEQUALITY",,"India Inequality Report 2018: Widening Gaps","https://ruralindiaonline.org/resources/india-inequality-report-2018-widening-gaps/"
"MIGRATION",,"Migrants: Voices of Delhi’s Silent Majority","https://ruralindiaonline.org/resources/migrants-voices-of-delhis-silent-majority/"
"MIGRATION",,"Policy Briefs: For a Better Inclusion of Internal Migrants in India","https://ruralindiaonline.org/resources/policy-briefs-for-a-better-inclusion-of-internal-migrants-in-india/"
"MIGRATION",,"Social Inclusion of Internal Migrants in India","https://ruralindiaonline.org/resources/social-inclusion-of-internal-migrants-in-india/"
"MIGRATION",,"National Workshop on Migration and Global Environmental Change in India","https://ruralindiaonline.org/resources/national-workshop-on-migration-and-global-environmental-change-in-india/"
"MIGRATION",,"National Workshop on Internal Migration and Human Development in India Vol.1 - Workshop Report","https://ruralindiaonline.org/resources/national-workshop-on-internal-migration-and-human-development-in-india-vol1-workshop-report/"
"MIGRATION",,"National Workshop on Internal Migration and Human Development in India Vol. 2 - Workshop Papers","https://ruralindiaonline.org/resources/national-workshop-on-internal-migration-and-human-development-in-india-vol-2-workshop-papers/"
"MIGRATION",,"Gender and Migration: Negotiating Rights - A Women’s Movement Perspective","https://ruralindiaonline.org/resources/gender-and-migration-key-findings-by-centre-for-womens-development-studies/"
"MEDIA",,"Famine Over Bengal","https://ruralindiaonline.org/resources/famine-over-bengal-1/"
"MEDIA",,"Challenges to Journalism in Bastar","https://ruralindiaonline.org/resources/challenges-to-journalism-in-bastar/"
"MEDIA",,"बस्तर में पत्रकारिता के समक्ष चुनौतियां","https://ruralindiaonline.org/resources/%E0%A4%AC%E0%A4%B8%E0%A5%8D%E0%A4%A4%E0%A4%B0-%E0%A4%AE%E0%A5%87%E0%A4%82-%E0%A4%AA%E0%A4%A4%E0%A5%8D%E0%A4%B0%E0%A4%95%E0%A4%BE%E0%A4%B0%E0%A4%BF%E0%A4%A4%E0%A4%BE-%E0%A4%95%E0%A5%87-%E0%A4%B8%E0%A4%AE%E0%A4%95%E0%A5%8D%E0%A4%B7-%E0%A4%9A%E0%A5%81%E0%A4%A8%E0%A5%8C%E0%A4%A4%E0%A4%BF%E0%A4%AF%E0%A4%BE%E0%A4%82/"
"MEDIA",,"Dangerous pursuit: In India, journalists who cover corruption may pay with their lives","https://ruralindiaonline.org/resources/dangerous-pursuit-in-india-journalists-who-cover-corruption-may-pay-with-their-lives/"
"MEDIA",,"India: Pursuing truth in the face of intolerance","https://ruralindiaonline.org/resources/india-pursuing-truth-in-the-face-of-intolerance/"
"LAW","Handloom","The Handlooms (Reservation Of Articles For Production) Act, 1985","https://ruralindiaonline.org/resources/the-handlooms-reservation-of-articles-for-production-act-1985/"
"LAW","Food security","The National Food Security Act, 2013","https://ruralindiaonline.org/resources/the-national-food-security-act-2013/"
"LAW","Aadhaar","The Aadhaar (Targeted Delivery of Financial and Other Subsidies, Benefits and Services) Act, 2016","https://ruralindiaonline.org/resources/the-aadhaar-targeted-delivery-of-financial-and-other-subsidies-benefits-and-services-act-2016/"
"LAW","Aadhaar","Justice K.S. Puttaswamy (Retd.) and another versus Union of India and others","https://ruralindiaonline.org/resources/justice-ks-puttaswamy-retd-and-another-versus-union-of-india-and-others/"
"LAW","Education","Right of Children to Free and Compulsory Education Act, 2009","https://ruralindiaonline.org/resources/right-of-children-to-free-and-compulsory-education-act-2009/"
"LAW","RTI","The Right to Information Act, 2005","https://ruralindiaonline.org/resources/the-right-to-information-act-2005/"
"LAW","Manual scavenging","The Prohibition of Employment as Manual Scavengers and their Rehabilitation Act, 2013","https://ruralindiaonline.org/resources/the-prohibition-of-employment-as-manual-scavengers-and-their-rehabilitation-act-2013/"
"LAW","Adivasis","The Scheduled Tribes and Other Traditional Forest Dwellers (Recognition of Forest Rights) Act, 2006","https://ruralindiaonline.org/resources/the-scheduled-tribes-and-other-traditional-forest-dwellers-recognition-of-forest-rights-act-2006/"
"LAW","Adivasis","The Scheduled Castes and Scheduled Tribes (Prevention of Atrocities) Act, 1989","https://ruralindiaonline.org/resources/the-scheduled-castes-and-scheduled-tribes-prevention-of-atrocities-act-1989/"
"LAW","Labour","The Mahatma Gandhi National Rural Employment Guarantee Act, 2005 ","https://ruralindiaonline.org/resources/the-mahatma-gandhi-national-rural-employment-guarantee-act-2005/"
"LAW","Labour","The Bonded Labour System (Abolition) Act, 1976","https://ruralindiaonline.org/resources/the-bonded-labour-system-abolition-act-1976/"
"LAW","Dalits","The Scheduled Castes and Scheduled Tribes (Prevention of Atrocities) Act, 1989","https://ruralindiaonline.org/resources/the-scheduled-castes-and-scheduled-tribes-prevention-of-atrocities-act-1989/"
"LAW","Agriculture","The Women Farmers' Entitlements Bill, 2011","https://ruralindiaonline.org/resources/the-women-farmers-entitlements-bill-2011/"
"LAW","Agriculture","The Farmers’ Right to Guaranteed Remunerative Minimum Support Prices for Agricultural Commodities Bill, 2018","https://ruralindiaonline.org/resources/the-farmers-right-to-guaranteed-remunerative-minimum-support-prices-for-agricultural-commodities-bill-2018/"
"LAW","Agriculture","The Farmers’ Freedom from Indebtedness Bill, 2018","https://ruralindiaonline.org/resources/the-farmers-freedom-from-indebtedness-bill-2018/"
"LAW","Constitution","The Constitution (Seventy-Third Amendment) Act, 1992","https://ruralindiaonline.org/resources/the-constitution-seventy-third-amendment-act-1992/"
"LAW","Constitution","The Constitution (Seventy-Fourth Amendment) Act, 1992","https://ruralindiaonline.org/resources/the-constitution-seventy-fourth-amendment-act-1992/"
"LAW","Panchayati Raj","The Provisions of the Panchayats (Extension to the Scheduled Areas) Act, 1996 ","https://ruralindiaonline.org/resources/the-provisions-of-the-panchayats-extension-to-the-scheduled-areas-act-1996/"
"LAW","Land","The Right to Fair Compensation and Transparency in Land Acquisition, Rehabilitation and Resettlement Act, 2013","https://ruralindiaonline.org/resources/the-right-to-fair-compensation-and-transparency-in-land-acquisition-rehabilitation-and-resettlement-act-2013/"
"LAW","Women","The Sexual Harassment of Women at Workplace (Prevention, Prohibition, and Redressal) Act, 2013 ","https://ruralindiaonline.org/resources/the-sexual-harassment-of-women-at-workplace-prevention-prohibition-and-redressal-act-2013/"
"LAW","Constituent Assembly debates ","Article 1 in the Constituent Assembly of India Debates (Proceedings); Volume VII – November 15 and 17, 1948","https://ruralindiaonline.org/resources/constituent-assembly-of-india-debates-proceedings-volume-vii---november-15-and-17-1948/"
"LAW","Constituent Assembly debates ","Article 2 in the Constituent Assembly of India Debates (Proceedings); Volume VII – November 17, 1948 ","https://ruralindiaonline.org/resources/article-2-in-the-constituent-assembly-of-india-debates-proceedings-volume-vii---november-17-1948/"
"LAW","Constituent Assembly debates ","Article 3 in the Constituent Assembly of India Debates (Proceedings): Volume VII – November 17 and 18, 1948","https://ruralindiaonline.org/resources/article-3-in-the-constituent-assembly-of-india-debates-proceedings-volume-vii---november-17-and-18-1948/ "
"LAW","Constituent Assembly debates ","Article 4 in the Constituent Assembly of India Debates (Proceedings): Volume VII – November 18, 1948","https://ruralindiaonline.org/resources/article-4-in-the-constituent-assembly-of-india-debates-proceedings-volume-vii---november-18-2019/ "
"LAW","Elections","The Representation of the People Act, 1951","https://ruralindiaonline.org/resources/the-representation-of-the-people-act-1951/"
"GENERAL",,"Handbook of Statistics on Indian States 2017-18","https://ruralindiaonline.org/resources/handbook-of-statistics-on-indian-states-2017-18/"
"GENERAL",,"Handbook of Statistics on Indian States 2018-19","https://ruralindiaonline.org/resources/handbook-of-statistics-on-indian-states-2018-19/"
"BRITISH RAJ","Census","Memorandum on the Census of British India of 1871-72","https://ruralindiaonline.org/resources/memorandum-on-the-census-of-british-india-of-1871-72/"
"BRITISH RAJ","Census","Report on the Census of British India taken on the 17th of February 1881: Vols. I-III","https://ruralindiaonline.org/resources/report-on-the-census-of-british-india-taken-on-the-17th-of-february-1881-vols-i-iii/"
"BRITISH RAJ","Census","General Report on the Census of India, 1891","https://ruralindiaonline.org/resources/general-report-on-the-census-of-india-1891/"
"BRITISH RAJ","Census","Report on the Census Of India, 1901","https://ruralindiaonline.org/resources/report-on-the-census-of-india-1901/"
"BRITISH RAJ","Census","Census of India, 1911; Volume I; Part I – Report ","https://ruralindiaonline.org/resources/census-of-india-1911-volume-i-part-ii---tables/"
"BRITISH RAJ","Census","Census of India, 1921; Volume I; Part I - Report","https://ruralindiaonline.org/resources/census-of-india-1921-volume-i-part-i---report/"
"BRITISH RAJ","Census","Census of India, 1911; Volume I; Part II – Tables","https://ruralindiaonline.org/resources/census-of-india-1911-volume-i-part-ii---tables/"
"BRITISH RAJ","Imperial district Gazetteers","Bengal District Gazetteers: Angul","https://ruralindiaonline.org/resources/bengal-district-gazetteers-angul/"
"BRITISH RAJ","Imperial district Gazetteers","Bengal District Gazetteers: Balasore","https://ruralindiaonline.org/resources/bengal-district-gazetteers-balasore/"
"BRITISH RAJ","Imperial district Gazetteers","Orissa District Gazetteers: Koraput","https://ruralindiaonline.org/resources/orissa-district-gazetteers-koraput/"
"BRITISH RAJ","Imperial district Gazetteers","Bihar and Orissa District Gazetteers: Puri ","https://ruralindiaonline.org/resources/bihar-and-orissa-district-gazetteers-puri/"
"BRITISH RAJ","Imperial district Gazetteers","Bihar and Orissa District Gazetteers: Cuttack","https://ruralindiaonline.org/resources/bihar-and-orissa-district-gazetteers-cuttack/"
"BRITISH RAJ","Imperial district Gazetteers","Bengal Gazetteers: Feudatory States of Orissa","https://ruralindiaonline.org/resources/bengal-gazetteers-feudatory-states-of-orissa/"
"BRITISH RAJ","Freedom Movement","The Indian Nation in 1942 ","https://ruralindiaonline.org/resources/the-indian-nation-in-1942/"
"CENSUS",1871,"Memorandum on the Census of British India of 1871-72","https://ruralindiaonline.org/resources/memorandum-on-the-census-of-british-india-of-1871-72/"
"CENSUS",1881,"Report on the Census of British India taken on the 17th of February 1881: Vols. I-III","https://ruralindiaonline.org/resources/report-on-the-census-of-british-india-taken-on-the-17th-of-february-1881-vols-i-iii/"
"CENSUS",1891,"General Report on the Census of India, 1891","https://ruralindiaonline.org/resources/general-report-on-the-census-of-india-1891/"
"CENSUS",1901,"Report on the Census Of India, 1901","https://ruralindiaonline.org/resources/report-on-the-census-of-india-1901/"
"CENSUS",1911,"Census of India, 1911; Volume I; Part I – Report ","https://ruralindiaonline.org/resources/census-of-india-1911-volume-i-part-ii---tables/"
"CENSUS",1911,"Census of India, 1911; Volume I; Part II – Tables","https://ruralindiaonline.org/resources/census-of-india-1911-volume-i-part-ii---tables/"
"CENSUS",1921,"Census of India, 1921; Volume I; Part I - Report","https://ruralindiaonline.org/resources/census-of-india-1921-volume-i-part-i---report/"
"CENSUS",2011,"Census Vital Data 2011, Population, Size and Decadal Change","https://ruralindiaonline.org/resources/census-vital-data-2011-population-size-and-decadal-change/"
"CENSUS","Imperial district Gazetteers","Bengal District Gazetteers: Angul","https://ruralindiaonline.org/resources/bengal-district-gazetteers-angul/"
"CENSUS","Imperial district Gazetteers","Bengal District Gazetteers: Balasore","https://ruralindiaonline.org/resources/bengal-district-gazetteers-balasore/"
"CENSUS","Imperial district Gazetteers","Orissa District Gazetteers: Koraput","https://ruralindiaonline.org/resources/orissa-district-gazetteers-koraput/"
"CENSUS","Imperial district Gazetteers","Bihar and Orissa District Gazetteers: Puri ","https://ruralindiaonline.org/resources/bihar-and-orissa-district-gazetteers-puri/"
"CENSUS","Imperial district Gazetteers","Bihar and Orissa District Gazetteers: Cuttack ","https://ruralindiaonline.org/resources/bihar-and-orissa-district-gazetteers-cuttack/"
"NAXALISM",,"Development Challenges in Extremist Affected Areas: Report of an Expert Group to Planning Commission","https://ruralindiaonline.org/resources/development-challenges-in-extremist-affected-areas-report-of-an-expert-group-to-planning-commission/"
"LITERATURE","Hindi Literature","Thakur ka kuan","https://ruralindiaonline.org/resources/thakur-ka-kuan/"
"LITERATURE","Hindi Literature","Mansarovar – 1","https://ruralindiaonline.org/resources/mansarovar---1/"
"LITERATURE","Hindi Literature","Mansarovar – 2","https://ruralindiaonline.org/resources/mansarovar---2/"
"LITERATURE","Hindi Literature","Mansarovar – 3 ","https://ruralindiaonline.org/resources/mansarovar---3/"
"LITERATURE","Children's Literature","Kali wants to dance","https://ruralindiaonline.org/resources/kali-wants-to-dance/"
"LITERATURE","Children's Literature","Bulli and the Tiger","https://ruralindiaonline.org/resources/bulli-and-the-tiger/"
"LITERATURE","Children's Literature","Biju spins some magic","https://ruralindiaonline.org/resources/biju-spins-some-magic/"
"SENIOR CITIZENS",,"State of Elderly in India 2014","https://ruralindiaonline.org/resources/state-of-elderly-in-india-2014/"
"DR B.R. AMBEDKAR",,"Dr. Babasaheb Ambedkar: Writings and Speeches Vol. 1","https://ruralindiaonline.org/resources/dr-babasaheb-ambedkar-writings-and-speeches-vol-1/"
"DR B.R. AMBEDKAR",,"Dr. Babasaheb Ambedkar: Writings and Speeches Vol. II","https://ruralindiaonline.org/resources/Dr.%20Babasaheb%20Ambedkar:%20Writings%20and%20Speeches%20Vol.%20II/"
"DISABILITY",,"Disabled Persons in India: A statistical profile 2016 ","https://ruralindiaonline.org/resources/disabled-persons-in-india-a-statistical-profile-2016/"
"GOVERNMENT SCHEMES",,"Community Assessment of Entitlement Programmes: A Study on the Implementation of Five Central Government Sponsored Schemes in Six Districts of Northern India ","https://ruralindiaonline.org/resources/community-assessment-of-entitlement-programmes-a-study-on-the-implementation-of-five-central-government-sponsored-schemes-in-six-districts-of-northern-india/"
"MINORITIES",,"Social, Economic and Educational Status of the Muslim Community of India ","https://ruralindiaonline.org/resources/social-economic-and-educational-status-of-the-muslim-community-of-india/"
"MINORITIES",,"People at the Margins: Whose Budget? Whose Rights? Locating Muslim Women in Indian Policy","https://ruralindiaonline.org/resources/people-at-the-margins-whose-budget-whose-rights-locating-muslim-women-in-indian-policy/"
"MINORITIES",,"Implementation of Sachar Committee Recommendations (Status up to 30.11.2018)","https://ruralindiaonline.org/resources/implementation-of-sachar-committee-recommendations-status-up-to-30112018/"
"ELECTIONS",,"All India Survey on Governance Issues and Voting Behavior 2018","https://ruralindiaonline.org/resources/all-india-survey-on-governance-issues-and-voting-behavior-2018/"
"ELECTIONS",,"Civil Society, Indian Elections and Democracy Today","https://ruralindiaonline.org/resources/civil-society-indian-elections-and-democracy-today/"
"ELECTIONS",,"Lok Sabha Elections 2019: Analysis of Criminal Background, Financial, Education, Gender and other details of Winners","https://ruralindiaonline.org/resources/lok-sabha-elections-2019-analysis-of-criminal-background-financial-education-gender-and-other-details-of-winners/"
"ELECTIONS",,"The Representation of the People Act, 1951","https://ruralindiaonline.org/resources/the-representation-of-the-people-act-1951/"
